File Name,Label
0591.jpg,0
0074.jpg,2
0077.jpg,1
0337.jpg,1
0053.jpg,0
0165.jpg,0
0520.jpg,0
0203.jpg,1
0006.jpg,1
0095.jpg,2
0959.jpg,2
0710.jpg,2
0092.jpg,1
0057.jpg,2
0044.jpg,1
0011.jpg,2
0171.jpg,1
0056.jpg,2
0019.jpg,0
0008.jpg,1
0318.jpg,0
0429.jpg,2
0116.jpg,1
0067.jpg,2
0076.jpg,2
0403.jpg,2
0026.jpg,1
0021.jpg,0
0181.jpg,2
0252.jpg,2
0065.jpg,1
0500.jpg,1
0140.jpg,2
0079.jpg,0
0005.jpg,2
0042.jpg,0
0433.jpg,1
0040.jpg,1
0424.jpg,2
0226.jpg,1
0009.jpg,0
0023.jpg,2
0046.jpg,1
0146.jpg,2
0532.jpg,1
0238.jpg,1
0031.jpg,1
0068.jpg,1
0032.jpg,2
0111.jpg,2
0188.jpg,1
0315.jpg,1
0002.jpg,1
0347.jpg,2
0816.jpg,1
0017.jpg,0
0003.jpg,1
0010.jpg,1
0413.jpg,2
0619.jpg,1
0052.jpg,1
0508.jpg,1
0209.jpg,1
0119.jpg,2
0025.jpg,1
0013.jpg,1
0131.jpg,1
0523.jpg,2
0022.jpg,1
0850.jpg,2
0264.jpg,0
0763.jpg,1
0020.jpg,2
0232.jpg,2
0262.jpg,1
0102.jpg,1
0126.jpg,2
0075.jpg,2
0134.jpg,1
0041.jpg,1
0028.jpg,1
0121.jpg,0
0029.jpg,2
0144.jpg,2
0062.jpg,2
0048.jpg,1
0687.jpg,1
0014.jpg,2
0097.jpg,1
0088.jpg,1
0607.jpg,0
0227.jpg,2
0352.jpg,2
0148.jpg,2
1043.jpg,2
0529.jpg,2
0081.jpg,1
0451.jpg,2
0059.jpg,2
0105.jpg,2
0142.jpg,1
0204.jpg,1
0015.jpg,0
0177.jpg,1
0233.jpg,2
0496.jpg,1
0047.jpg,1
0114.jpg,2
0037.jpg,2
0166.jpg,2
0251.jpg,1
0104.jpg,0
0224.jpg,0
0249.jpg,2
0109.jpg,2
0050.jpg,2
0099.jpg,1
0689.jpg,2
0459.jpg,2
0035.jpg,2
0112.jpg,0
0287.jpg,2
0118.jpg,2
1013.jpg,1
0521.jpg,2
0971.jpg,1
0253.jpg,1
0087.jpg,0
0310.jpg,2
0198.jpg,2
0152.jpg,1
0012.jpg,0
1083.jpg,1
0060.jpg,1
0045.jpg,1
0069.jpg,1
0218.jpg,1
0551.jpg,2
0033.jpg,2
0113.jpg,1
0004.jpg,1
0503.jpg,0
0034.jpg,1
0396.jpg,2
0072.jpg,2
0066.jpg,2
0211.jpg,2
0445.jpg,1
0030.jpg,2
0686.jpg,2
0051.jpg,0
0212.jpg,1
0248.jpg,2
0016.jpg,0
0358.jpg,2
0382.jpg,2
0197.jpg,1
0467.jpg,1
0038.jpg,0
0122.jpg,1
0275.jpg,2
0007.jpg,2
0180.jpg,1
0036.jpg,1
0129.jpg,1
0039.jpg,2
0236.jpg,2
0274.jpg,2
0239.jpg,0
0024.jpg,1
0115.jpg,1
1015.jpg,1
0001.jpg,2
